model,Précision,Rappel,F1,AUC
Isolation Forest,0.41119243954414897,0.3989930774071743,0.4050009125752875,0.8974721268720944
3-Sigma (STL),0.21955742754762053,0.6279780634720848,0.3253604117660759,0.829204578605109
LSTM-Autoencoder,0.06086434230472214,0.3830093592512599,0.10503714306868382,0.5995573290469223
