model,MAE,RMSE,MAPE
SARIMA[24],3725.4094024809697,4914.440892265875,10.659715180252219
XGBoost,3930.1771335767658,5188.15224245546,10.912174782969194
LSTM,3985.4765754146856,5320.146549909531,11.442161298132664
Prophet,11020.16269104502,13075.462303096907,33.64729187000061
